seed,strategy,iteration,n_labeled,empirical_risk,test_risk,accuracy,balanced_accuracy,f1,roc_auc,mmd_ipm,erm_plus_ipm,mean_pool_uncertainty
42,random,0,50,0.11574537566649598,0.3962400686378392,0.8729403958863209,0.5254597171208303,0.11683320522674866,0.6828699368972777,0.17795230351502714,0.2936976791815231,0.2093099359560033
42,random,1,100,0.15060674263572665,0.4102697756605072,0.8694017472077851,0.5607634470586982,0.22046204620462045,0.6589833489778212,0.1404108088867727,0.29101755152249936,0.22310909103281015
42,random,2,150,0.17061626053654463,0.3801330366369877,0.8745991374543846,0.5751856919815391,0.2559055118110236,0.6963113730494204,0.13979551261671963,0.3104117731532643,0.24277293358729238
42,random,3,200,0.2575996751363505,0.32733847207890393,0.8862103284308305,0.5694613482510331,0.24282560706401765,0.7245344235943338,0.141247519095928,0.39884719423227855,0.3098965201658916
42,random,4,250,0.26790689392208444,0.3203981309941136,0.8898595598805706,0.5784972532382906,0.2676470588235294,0.7309680367134502,0.13730158660348243,0.4052084805255669,0.31254654234756835
42,random,5,300,0.2860766386067726,0.3182186020341166,0.8898595598805706,0.5768573637006059,0.26331360946745563,0.7307395837895487,0.1382260845638215,0.42430272317059414,0.3201684631424529
42,random,6,350,0.28744427892430957,0.31858004444156807,0.8886431493973239,0.5819081855984697,0.2760603882099209,0.7338601560345308,0.1388257755016132,0.4262700544259228,0.326333779951609
42,random,7,400,0.28623074415582667,0.32128208603597197,0.8897489771093664,0.5784346358306512,0.2674504041146216,0.7241510251381074,0.1367925036378585,0.42302324779368516,0.3184593926324847
42,random,8,450,0.2742430637532766,0.32703218422360797,0.8887537321685282,0.5852505820814784,0.2844950213371266,0.7217690778906101,0.13717513644766194,0.41141820020093856,0.3066310934556073
42,random,9,500,0.2754996325629159,0.3268496898121014,0.8880902355413026,0.574215595640692,0.25588235294117645,0.7179658693699078,0.1403257183682539,0.4158253509311698,0.3058795085286645
42,random,10,550,0.2759070674629396,0.32393422682452233,0.8884219838549154,0.5633341934842385,0.2256331542594014,0.7177802661654117,0.13769660776181417,0.4136036752247537,0.30300916885136664
42,uncertainty,0,50,0.11574537566649598,0.3962400686378392,0.8729403958863209,0.5254597171208303,0.11683320522674866,0.6828699368972777,0.17795230351502714,0.2936976791815231,0.2093099359560033
42,uncertainty,1,100,0.24679470670054343,0.41237476638375004,0.8810129381842309,0.5103521134262848,0.04946996466431095,0.6976733312579234,0.15258248439924735,0.39937719109979075,0.14052449116577487
42,uncertainty,2,150,0.3080098224464165,0.3761373561086699,0.8856574145748093,0.5334806637681948,0.13109243697478992,0.6930111160694733,0.1541288675617567,0.4621386900081732,0.18363486664870732
42,uncertainty,3,200,0.35790178765378267,0.35533412501306205,0.8885325666261197,0.5572472251255604,0.20754716981132076,0.7262750454834384,0.1554121299756438,0.5133139176294265,0.18011508942559332
42,uncertainty,4,250,0.4035506984385237,0.34994987555764107,0.8904124737365918,0.5685610306659581,0.24061302681992336,0.7230273445129277,0.15594501221740104,0.5594957106559247,0.18657586494783504
42,uncertainty,5,300,0.4373062269464803,0.3569703045168394,0.8915183014486343,0.5704171218956148,0.24596464258262873,0.7296035927477441,0.15612019616410125,0.5934264231105816,0.17142470172531638
42,uncertainty,6,350,0.4645366233051748,0.35201755818947694,0.892734711931881,0.5719258581484896,0.250386398763524,0.7354213299274515,0.16216922676175577,0.6267058500669306,0.17045585052266857
42,uncertainty,7,400,0.4853628556232639,0.3579850474868105,0.8933982085591065,0.5751713692852738,0.25960061443932414,0.733356731016213,0.15584970378946222,0.6412125594127261,0.16038565361400542
42,uncertainty,8,450,0.5001155216832818,0.3657415575816408,0.893177043016698,0.5750461344699952,0.25920245398773006,0.7395017595609916,0.16075587546984973,0.6608713971531315,0.1456143020473223
42,uncertainty,9,500,0.5133817032701895,0.36627863606630473,0.8929558774742895,0.5745109272702953,0.25766871165644173,0.7404998502627208,0.15827414155923217,0.6716558448294216,0.14187883991473324
42,uncertainty,10,550,0.5258478774113876,0.3656123264714062,0.8933982085591065,0.5759913140541162,0.26186830015313933,0.7419121154622383,0.15850582766750737,0.684353705078895,0.139246763441881
42,representative,0,50,0.11574537566649598,0.3962400686378392,0.8729403958863209,0.5254597171208303,0.11683320522674866,0.6828699368972777,0.17795230351502714,0.2936976791815231,0.2093099359560033
42,representative,1,100,0.1475356762454973,0.3841562913163554,0.8778060378193078,0.5105860705268503,0.05636208368915457,0.6812408189741399,0.11252628728883075,0.26006196353432803,0.21179512200448425
42,representative,2,150,0.18293061187636142,0.35909550961166564,0.8794647793873714,0.5217746412519694,0.09618573797678276,0.6980559011284153,0.11358945757125477,0.2965200694476162,0.23680415639637944
42,representative,3,200,0.16950263811645583,0.36380161718236625,0.878801282760146,0.5242687434970816,0.10603588907014681,0.7033581396119615,0.1153892156038043,0.28489185372026016,0.2220758810126023
42,representative,4,250,0.17552869831456883,0.36825005172015657,0.8803494415570055,0.5181758566688723,0.08149405772495756,0.6944107157441943,0.11754771591781749,0.2930764142323863,0.21039184493103422
42,representative,5,300,0.17434885490648158,0.3636210387005484,0.8811235209554351,0.5087748412962395,0.0427426536064114,0.7036061234853157,0.12028066745451196,0.29462952236099355,0.20008921049600065
42,representative,6,350,0.19620275373113477,0.3520310211716188,0.8842198385491541,0.5199574935518274,0.08238387379491674,0.7035075217829271,0.12404445605346841,0.3202472097846032,0.22847028821559756
42,representative,7,400,0.2060798907147015,0.3489495827322059,0.8834457591507243,0.521569033620458,0.08981001727115717,0.7045445560141711,0.12462495996474988,0.3307048506794514,0.23284739123738973
42,representative,8,450,0.20670783580016405,0.3481719387692746,0.8825610969810903,0.5235279286658705,0.09847198641765705,0.7098881054150445,0.1280290072089771,0.3347368430091412,0.23608311732431167
42,representative,9,500,0.23796012907625486,0.3311743389422705,0.885104500718788,0.5307077424234713,0.12172442941673711,0.7161815691756637,0.12716983744618823,0.3651299665224431,0.26776513825344506
42,representative,10,550,0.23726487732594498,0.3270551571802382,0.8872055733716687,0.5372271141660936,0.14285714285714285,0.7212896818585888,0.12383835904254047,0.36110323636848546,0.2627740423991828
42,ipm_hybrid,0,50,0.11574537566649598,0.3962400686378392,0.8729403958863209,0.5254597171208303,0.11683320522674866,0.6828699368972777,0.17795230351502714,0.2936976791815231,0.2093099359560033
42,ipm_hybrid,1,100,0.28520625336443706,0.4026936647636086,0.8809023554130266,0.5201288332447536,0.08806096528365792,0.6955409066858583,0.14629397889274678,0.4315002322571838,0.1510250221556371
42,ipm_hybrid,2,150,0.3436142274517699,0.36616498187074975,0.8887537321685282,0.5557325704031543,0.20285261489698891,0.6964431181811833,0.1516247446493763,0.4952389721011462,0.19235718396479137
42,ipm_hybrid,3,200,0.401724461675077,0.3656908512341666,0.8909653875926131,0.5631345043222583,0.2248427672955975,0.7000427313500147,0.1533122934220478,0.5550367550971248,0.18713119781001733
42,ipm_hybrid,4,250,0.42910062605080007,0.36836200322637785,0.8900807254229791,0.5642734545988284,0.22826086956521738,0.7105619823558585,0.1541541097173807,0.5832547357681808,0.16598594788557566
42,ipm_hybrid,5,300,0.45789316582016376,0.36302307893258895,0.8912971359062258,0.5686519975426515,0.24092664092664093,0.7057841202727704,0.15438568444570697,0.6122788502658707,0.17089831265362412
42,ipm_hybrid,6,350,0.48177374271584167,0.3540028046326326,0.8912971359062258,0.5711118318491785,0.24789594491201225,0.7111829481790646,0.160397402854402,0.6421711455702437,0.18111102448464972
42,ipm_hybrid,7,400,0.4997178643632544,0.3503796260397286,0.8917394669910428,0.5717722738641569,0.24980842911877393,0.702562697306978,0.15893940576016732,0.6586572701234217,0.19765955335715701
42,ipm_hybrid,8,450,0.5101711994836188,0.3452447792386065,0.8915183014486343,0.5753367905086688,0.259622641509434,0.7067416102735161,0.15984839657172187,0.6700195960553407,0.20374947433076468
42,ipm_hybrid,9,500,0.5202825370848903,0.35510702874977756,0.8919606325334513,0.575587260139226,0.2604087812263437,0.7194836016964701,0.15887896934199744,0.6791615064268877,0.17037994619108218
42,ipm_hybrid,10,550,0.5322373242769359,0.3472821675289242,0.8919606325334513,0.5780470944457531,0.2670667666916729,0.7228323901265723,0.1605213474099804,0.6927586716869163,0.18048284817418442
