strategy,n_labeled,accuracy_mean,accuracy_std,test_risk_mean,test_risk_std,empirical_risk_mean,empirical_risk_std,mmd_mean,mmd_std,erm_ipm_mean,erm_ipm_std,balanced_accuracy_mean,f1_mean,roc_auc_mean
ipm_hybrid,50,0.8729403958863209,,0.3962400686378392,,0.11574537566649598,,0.17795230351502714,,0.2936976791815231,,0.5254597171208303,0.11683320522674866,0.6828699368972777
ipm_hybrid,100,0.8809023554130266,,0.4026936647636086,,0.28520625336443706,,0.14629397889274678,,0.4315002322571838,,0.5201288332447536,0.08806096528365792,0.6955409066858583
ipm_hybrid,150,0.8887537321685282,,0.36616498187074975,,0.3436142274517699,,0.1516247446493763,,0.4952389721011462,,0.5557325704031543,0.20285261489698891,0.6964431181811833
ipm_hybrid,200,0.8909653875926131,,0.3656908512341666,,0.401724461675077,,0.1533122934220478,,0.5550367550971248,,0.5631345043222583,0.2248427672955975,0.7000427313500147
ipm_hybrid,250,0.8900807254229791,,0.36836200322637785,,0.42910062605080007,,0.1541541097173807,,0.5832547357681808,,0.5642734545988284,0.22826086956521738,0.7105619823558585
ipm_hybrid,300,0.8912971359062258,,0.36302307893258895,,0.45789316582016376,,0.15438568444570697,,0.6122788502658707,,0.5686519975426515,0.24092664092664093,0.7057841202727704
ipm_hybrid,350,0.8912971359062258,,0.3540028046326326,,0.48177374271584167,,0.160397402854402,,0.6421711455702437,,0.5711118318491785,0.24789594491201225,0.7111829481790646
ipm_hybrid,400,0.8917394669910428,,0.3503796260397286,,0.4997178643632544,,0.15893940576016732,,0.6586572701234217,,0.5717722738641569,0.24980842911877393,0.702562697306978
ipm_hybrid,450,0.8915183014486343,,0.3452447792386065,,0.5101711994836188,,0.15984839657172187,,0.6700195960553407,,0.5753367905086688,0.259622641509434,0.7067416102735161
ipm_hybrid,500,0.8919606325334513,,0.35510702874977756,,0.5202825370848903,,0.15887896934199744,,0.6791615064268877,,0.575587260139226,0.2604087812263437,0.7194836016964701
ipm_hybrid,550,0.8919606325334513,,0.3472821675289242,,0.5322373242769359,,0.1605213474099804,,0.6927586716869163,,0.5780470944457531,0.2670667666916729,0.7228323901265723
random,50,0.8729403958863209,,0.3962400686378392,,0.11574537566649598,,0.17795230351502714,,0.2936976791815231,,0.5254597171208303,0.11683320522674866,0.6828699368972777
random,100,0.8694017472077851,,0.4102697756605072,,0.15060674263572665,,0.1404108088867727,,0.29101755152249936,,0.5607634470586982,0.22046204620462045,0.6589833489778212
random,150,0.8745991374543846,,0.3801330366369877,,0.17061626053654463,,0.13979551261671963,,0.3104117731532643,,0.5751856919815391,0.2559055118110236,0.6963113730494204
random,200,0.8862103284308305,,0.32733847207890393,,0.2575996751363505,,0.141247519095928,,0.39884719423227855,,0.5694613482510331,0.24282560706401765,0.7245344235943338
random,250,0.8898595598805706,,0.3203981309941136,,0.26790689392208444,,0.13730158660348243,,0.4052084805255669,,0.5784972532382906,0.2676470588235294,0.7309680367134502
random,300,0.8898595598805706,,0.3182186020341166,,0.2860766386067726,,0.1382260845638215,,0.42430272317059414,,0.5768573637006059,0.26331360946745563,0.7307395837895487
random,350,0.8886431493973239,,0.31858004444156807,,0.28744427892430957,,0.1388257755016132,,0.4262700544259228,,0.5819081855984697,0.2760603882099209,0.7338601560345308
random,400,0.8897489771093664,,0.32128208603597197,,0.28623074415582667,,0.1367925036378585,,0.42302324779368516,,0.5784346358306512,0.2674504041146216,0.7241510251381074
random,450,0.8887537321685282,,0.32703218422360797,,0.2742430637532766,,0.13717513644766194,,0.41141820020093856,,0.5852505820814784,0.2844950213371266,0.7217690778906101
random,500,0.8880902355413026,,0.3268496898121014,,0.2754996325629159,,0.1403257183682539,,0.4158253509311698,,0.574215595640692,0.25588235294117645,0.7179658693699078
random,550,0.8884219838549154,,0.32393422682452233,,0.2759070674629396,,0.13769660776181417,,0.4136036752247537,,0.5633341934842385,0.2256331542594014,0.7177802661654117
representative,50,0.8729403958863209,,0.3962400686378392,,0.11574537566649598,,0.17795230351502714,,0.2936976791815231,,0.5254597171208303,0.11683320522674866,0.6828699368972777
representative,100,0.8778060378193078,,0.3841562913163554,,0.1475356762454973,,0.11252628728883075,,0.26006196353432803,,0.5105860705268503,0.05636208368915457,0.6812408189741399
representative,150,0.8794647793873714,,0.35909550961166564,,0.18293061187636142,,0.11358945757125477,,0.2965200694476162,,0.5217746412519694,0.09618573797678276,0.6980559011284153
representative,200,0.878801282760146,,0.36380161718236625,,0.16950263811645583,,0.1153892156038043,,0.28489185372026016,,0.5242687434970816,0.10603588907014681,0.7033581396119615
representative,250,0.8803494415570055,,0.36825005172015657,,0.17552869831456883,,0.11754771591781749,,0.2930764142323863,,0.5181758566688723,0.08149405772495756,0.6944107157441943
representative,300,0.8811235209554351,,0.3636210387005484,,0.17434885490648158,,0.12028066745451196,,0.29462952236099355,,0.5087748412962395,0.0427426536064114,0.7036061234853157
representative,350,0.8842198385491541,,0.3520310211716188,,0.19620275373113477,,0.12404445605346841,,0.3202472097846032,,0.5199574935518274,0.08238387379491674,0.7035075217829271
representative,400,0.8834457591507243,,0.3489495827322059,,0.2060798907147015,,0.12462495996474988,,0.3307048506794514,,0.521569033620458,0.08981001727115717,0.7045445560141711
representative,450,0.8825610969810903,,0.3481719387692746,,0.20670783580016405,,0.1280290072089771,,0.3347368430091412,,0.5235279286658705,0.09847198641765705,0.7098881054150445
representative,500,0.885104500718788,,0.3311743389422705,,0.23796012907625486,,0.12716983744618823,,0.3651299665224431,,0.5307077424234713,0.12172442941673711,0.7161815691756637
representative,550,0.8872055733716687,,0.3270551571802382,,0.23726487732594498,,0.12383835904254047,,0.36110323636848546,,0.5372271141660936,0.14285714285714285,0.7212896818585888
uncertainty,50,0.8729403958863209,,0.3962400686378392,,0.11574537566649598,,0.17795230351502714,,0.2936976791815231,,0.5254597171208303,0.11683320522674866,0.6828699368972777
uncertainty,100,0.8810129381842309,,0.41237476638375004,,0.24679470670054343,,0.15258248439924735,,0.39937719109979075,,0.5103521134262848,0.04946996466431095,0.6976733312579234
uncertainty,150,0.8856574145748093,,0.3761373561086699,,0.3080098224464165,,0.1541288675617567,,0.4621386900081732,,0.5334806637681948,0.13109243697478992,0.6930111160694733
uncertainty,200,0.8885325666261197,,0.35533412501306205,,0.35790178765378267,,0.1554121299756438,,0.5133139176294265,,0.5572472251255604,0.20754716981132076,0.7262750454834384
uncertainty,250,0.8904124737365918,,0.34994987555764107,,0.4035506984385237,,0.15594501221740104,,0.5594957106559247,,0.5685610306659581,0.24061302681992336,0.7230273445129277
uncertainty,300,0.8915183014486343,,0.3569703045168394,,0.4373062269464803,,0.15612019616410125,,0.5934264231105816,,0.5704171218956148,0.24596464258262873,0.7296035927477441
uncertainty,350,0.892734711931881,,0.35201755818947694,,0.4645366233051748,,0.16216922676175577,,0.6267058500669306,,0.5719258581484896,0.250386398763524,0.7354213299274515
uncertainty,400,0.8933982085591065,,0.3579850474868105,,0.4853628556232639,,0.15584970378946222,,0.6412125594127261,,0.5751713692852738,0.25960061443932414,0.733356731016213
uncertainty,450,0.893177043016698,,0.3657415575816408,,0.5001155216832818,,0.16075587546984973,,0.6608713971531315,,0.5750461344699952,0.25920245398773006,0.7395017595609916
uncertainty,500,0.8929558774742895,,0.36627863606630473,,0.5133817032701895,,0.15827414155923217,,0.6716558448294216,,0.5745109272702953,0.25766871165644173,0.7404998502627208
uncertainty,550,0.8933982085591065,,0.3656123264714062,,0.5258478774113876,,0.15850582766750737,,0.684353705078895,,0.5759913140541162,0.26186830015313933,0.7419121154622383
